Abu Hena Md Ashraful Islam,value,Emon Jubayer,value,Wasim Faruk,value,Kandari Athorbo,value,MZI,value,Tareque Anu,value,Hasan Mahbub,value,Niyaz Morshed,value,Mahi Rahi,value,Abdul Gaffar,value,Nir Shondhani,value
তাদের জন্য ব্লগে প্রকাশ,29,সাব ইন্সপেক্টর মোহাম্মদ মোজাম্মেল,25,প্রধান মন্ত্রী শেখ হাসিনা,12,ব্লগ লিখেছেনঃ মাস সপ্তাহ,37,এডমিন নোট লেখাটি প্রথম,24,CHARLES DARWIN The Voyage,10,কিছু এসে যায় না,8,http www espncricinfo com,9,আবিস্কার 1001 Inventions Muslim,18,বাংলার গুল্ম তরু লতা,180,কোন তথ্য প্রকাশের ফলে,7
জন্য ব্লগে প্রকাশ করলাম,29,ইন্সপেক্টর মোহাম্মদ মোজাম্মেল হোসেন,25,দেবি শেঠি না প্রশ্ন,12,http www somewhereinblog net,18,নোট লেখাটি প্রথম আলো,24,The Voyage of Beagle,10,সকালে ঘুম থেকে উঠে,8,www bbc co uk,9,Hritage in Our World,18,বাংলার তরু লতা গুল্ম,77,এপ্রিল ২০০৯ সেন্টমার্টিন অভিযানঃ,5
প্রকাশিত ব্লগার বন্ধুরা যারা,28,অধ্যাপক কাজী রফিকুল হক,15,আক্রান্ত হবার সম্ভাবনা বেশি,10,www somewhereinblog net blog,18,লেখাটি প্রথম আলো তে,24,DARWIN The Voyage of,10,কী মনে করে যেন,7,http www bbc co,9,১০০১টি আবিস্কার 1001 Inventions,18,গুল্ম তরু লতা ভাঁটফুল,20,হো হো করে হেসে,5
পড়েননি তাদের জন্য ব্লগে,25,লেফটেনেন্ট কর্নেল ইকবাল মাহমুদ,13,হতে পারে দেবি শেঠি,10,ব্লগ লিখেছেনঃ বছর মাস,14,সত্যি কথা বলতে কী,20,সেমি ঠোঁট সেমি পা,9,তুমি কি আমার হবে,5,আমার লেখাটা কত দূর,8,Inventions Muslim Hritage in,18,তরু লতা কালকসুন্দা কালকসিন্দা,19,২০০৯ সেন্টমার্টিন অভিযানঃ ১৯৯৪,5
সংখ্যায় প্রকাশিত ব্লগার বন্ধুরা,25,কাল্ট অভ আহরিমান এর,12,হৃদরোগে আক্রান্ত হবার সম্ভাবনা,10,নং আয়াত আল্লাহ বলছেন,12,আর কী হতে পারে,17,বৈজ্ঞানিক নামের অর্থ বাংলার,8,নিখিল বাংলাদেশ সাইকো সমিতি,5,ওয়েব সাইট http www,7,1001 Inventions Muslim Hritage,18,গুল্ম তরু লতা কালকসুন্দা,19,আর কেউ ছিল না,4
যারা পড়েননি তাদের জন্য,19,টুক টুক টুক টুক,12,আইন শৃংখলা রক্ষা বাহিনী,9,মাসিক ভিজিটর সংখ্যা প্রায়,10,বলে আমার জানা নেই,14,প্রজাতি সংরক্ষিত বিবিধ বাংলা,8,করা যায় কী না,5,bbc co uk news,7,মুসলমানদের ১০০১টি আবিস্কার 1001,18,লতা ভাঁটফুল বাংলার গুল্ম,17,তথ্য প্রকাশের ফলে কোন,4
ব্লগার বন্ধুরা যারা পড়েননি,19,সাংবাদিক মোশতাক আন্দালিব বললেন,9,কোন না কোন ভাবে,9,ব্লগার দুর্যোধন ব্লগার কাল্পনিক,10,ফাঁস হয়ে যাওয়া প্রশ্ন,11,আইনে প্রজাতি সংরক্ষিত বিবিধ,8,কোন মানে হয় না,4,html http www espncricinfo,6,Muslim Hritage in Our,18,লতা কালকসুন্দা কালকসিন্দা বাংলার,17,আমি চোখ বন্ধ করে,4
বন্ধুরা যারা পড়েননি তাদের,19,অনেক অনেক দিন আগে,8,প্রধান মন্ত্রী শেখ হাসিনার,8,আয়াত আল্লাহ বলছেন আমি,9,নিউক্লিয়ার শক্তি কেন্দ্র তৈরি,11,বি এম টি সি,8,ইমাম সাব শুরু করেন,4,আবেদন করতে চান তারা,6,বইয়ের দোকান বুকশপ কিংবা,15,তরু লতা ভাঁটফুল বাংলার,17,থেকে সিগারেট বের করে,4
মাসিক উত্তর বার্তা পত্রিকার,13,বুকটা ধক করে ওঠে,8,জঙ্গি সংগঠন ইসলামিক স্টেট,8,পর্ব ভিনদেশী মুক্তিবাহিনী আমরা,8,মনে করিয়ে দিতে চাই,11,ঠোঁট সেমি পা সেমি,7,তা কী করে হয়,4,prothom alo com detail,5,মুসলমানদের ১০০১টি আবিস্কার বীজগনিত,15,ভাঁটফুল বাংলার গুল্ম তরু,17,কিনা জানি না কিন্তু,4
মাসিক মৌচাকে ঢিল পত্রিকার,13,ডা স্মরণজিৎ চক্রবর্তী বললেন,8,মাননীয় প্রধান মন্ত্রী শেখ,7,পর্ব উৎসর্গ ১৬ ডিসেম্বর,8,তার থেকে অনেক বেশি,10,সেমি পা সেমি লেজ,7,বাস থেকে নামতে গিয়ে,4,শাহজালাল বিজ্ঞান প্রযুক্তি বিশ্ববিদ্যালয়ের,5,১০০১টি আবিস্কার বীজগনিত আলজেবরা,15,পর্ব বাংলার তরু লতা,17,কিছু না বলা কথা,4
ব্লগে প্রকাশ করলাম গল্পঃ,11,মোহাম্মদ সুলতান আলী বেগ,8,গত কালের চারটি সিটি,6,১৬ ডিসেম্বর প্রথম পর্ব,8,কেউ যেন মনে না,10,থাকে একের পর এক,7,সাদা ঔষধ সাদা ঔষধ,4,http www prothom alo,5,দোকান বুকশপ কিংবা বুকসেলিং,15,আগের পর্ব বাংলার তরু,17,১৫ আগষ্ট ১৯৭৫ ভোর,4
ব্লগার বন্ধুরা যারা এটি,10,থানার সাব ইন্সপেক্টর মোহাম্মদ,7,নেত্রী বেগম খালেদা জিয়ার,6,উৎসর্গ ১৬ ডিসেম্বর প্রথম,8,যেন মনে না করে,10,বন্যপ্রাণী আইনে প্রজাতি সংরক্ষিত,7,সাদা ঔষধ কালো অচ্ছ্যুতভাব,4,www espncricinfo com pakistan,5,ফার্মেসী মুসলমানদের ১০০১টি আবিস্কার,14,গুল্ম তরু লতা আকন্দ,16,দাফন করতে আসা লোকজন,4
এটি পড়েননি তাদের জন্য,8,সাংবাদিক মোশতাক আন্দালিব এর,7,চারটি সিটি করপোরেশনের নির্বাচনের,6,ভুলব না উত্তাল মার্চ,8,বড় ভাই হুমায়ূন আহমেদ,9,বৈশ্বিক বিস্তৃতি রয়েছে অবস্থা,6,যা হয় আর কী,4,alo com detail date,5,১০০১টি আবিস্কার ফার্মেসী মুসলমানদের,14,কালকসুন্দা কালকসিন্দা বাংলার গুল্ম,15,কোন মানে হয় না,4
নতুন পোশাক পরার স্বপ্ন,8,আমরা চেয়ে চেয়ে দেখব,7,বিএনপি নেত্রী বেগম খালেদা,6,আমরা তোমাদের ভুলব না,8,এয়ার ভাইস মার্শাল কে,9,ইনাম আল হকের তোলা,6,বলে মনে হয় না,4,www prothom alo com,5,মুসলমানদের ১০০১টি আবিস্কার ফার্মেসী,14,কালকসিন্দা বাংলার গুল্ম তরু,15,স্বাধীন বাংলা বেতার কেন্দ্রের,4
কথা বলা বন্ধ করে,8,এই সুন্দর মায়াবী দেশে,6,ত্রিশ লক্ষ শহীদের রক্ত,6,সব পথ চলেছে কেয়ামত,8,সত্যি কথা বলতে কি,9,আমাকে অপরাধী করে দেয়,6,আমার পক্ষে সম্ভব না,4,www banglanews24 com detailsnews,4,আবিস্কার ফার্মেসী মুসলমানদের ১০০১টি,14,গুল্ম তরু লতা কচুরিপানা,14,কে শোনে কার কথা,3
চিৎকার করে বলতেন খালেক,8,ঠিক বোঝা গেল না,6,স্বাভাবিক ভাবেই প্রশ্ন আসে,6,তোমাদের ভুলব না উত্তাল,8,বেশ কয়েক বছর আগে,8,চে তোমার মৃত্যু আমাকে,6,কালো অবহেলা সাদা ঔষধ,4,পরের রাউন্ডে চলে যাবে,4,মাথা নিচু করে বসে,14,লতা আকন্দ বাংলার গুল্ম,14,আমরা তোমাদের ভুলে গেছি,3
তার সাথে কথা বলতে,8,খল খল করে হেসে,6,আড়াই লক্ষ মা বোনের,6,মুক্তিবাহিনী আমরা তোমাদের ভুলব,8,আমি এবং আমার স্ত্রী,8,আল হকের তোলা বাংলা,6,সে বুঝতে পারে না,4,banglanews24 com detailsnews php,4,মুসলমানদের ১০০১টি আবিস্কার বইয়ের,13,তরু লতা আকন্দ বাংলার,14,কোথায় যাবে জানে না,3
এই লেখাটি মাসিক মৌচাকে,8,দেশে এখন এক অন্ধকায়,6,স্বাধীনতার দীর্ঘ চৌচল্লিশ বছর,6,চলেছে কেয়ামত এর পথে,8,শহীদ জননী জাহানারা ইমামের,8,এর বৈশ্বিক বিস্তৃতি রয়েছে,6,কালো অবহেলা কালো দুঃস্বপ্ন,4,জিজ্ঞেস করলাম কী হয়েছে,4,আবিস্কার বইয়ের দোকান বুকশপ,13,আকন্দ বাংলার গুল্ম তরু,14,শান্ত না হওয়া পর্যন্ত,3
যারা এটি পড়েননি তাদের,8,সুলতান আলী বেগ এর,6,দীর্ঘ চৌচল্লিশ বছর পর,5,ভিনদেশী মুক্তিবাহিনী আমরা তোমাদের,8,আর কিছু হতে পারে,8,তোমার মৃত্যু আমাকে অপরাধী,6,ব্যাপারে কোন সন্দেহ নেই,4,co uk news world,4,World মুসলমানদের ১০০১টি আবিস্কার,13,সিরিজের অন্য পোস্টগুলো বাংলার,13,প্রেমে পড়িনি প্রেম আমার,3
আমি মাথা নিচু করে,8,আর আমরা চেয়ে চেয়ে,6,চিন্তা তথা বাক স্বাধীনতা,5,ক্রুসেড এর সব পথ,8,অন্যদের কথা জানি না,7,মৃত্যু আমাকে অপরাধী করে,6,খুব একটু বেগ পেতে,4,লন্ডন স্কুল অব ইকোনোমিক্স,4,Our World মুসলমানদের ১০০১টি,13,লতা কচুরিপানা বাংলার গুল্ম,13,অবাক হবার কিছু নেই,3
২০১৩ সংখ্যায় প্রকাশিত ব্লগার,8,মায়াবী দেশে এখন এক,6,মুক্ত চিন্তা তথা বাক,5,পথ চলেছে কেয়ামত এর,8,বলে মনে হয় না,7,বিস্তৃতি রয়েছে অবস্থা বাংলা,6,মেনে নিতে পারে না,3,http www banglanews24 com,4,in Our World মুসলমানদের,13,এই সিরিজের অন্য পোস্টগুলো,13,বের করে ফস করে,3
লেখাটি মাসিক মৌচাকে ঢিল,8,উঠবে আর আমরা চেয়ে,6,তথা বাক স্বাধীনতা প্রকাশের,5,এর সব পথ চলেছে,8,ঘড়ির কাঁটা এক ঘণ্টা,7,উপপ্রজাতির মধ্যে bengalensis বাংলাদেশে,5,আমি হারিয়ে যাওয়া মানুষ,3,সানির বোলিং এ্যাকশন নিয়ে,4,১০০১টি আবিস্কার বইয়ের দোকান,13,অন্য পোস্টগুলো বাংলার গুল্ম,13,করা ঠিক হবে না,3
ফিস ফিস করে বললো,7,খল করে হেসে উঠবে,6,স্বাধীন মুক্ত মত প্রকাশের,5,আমি কি ভুলিতে পারি,7,কিছু হতে পারে না,7,আমাদের যাত্রা শুরু হল,5,কে শোনে কার কথা,3,ফেব্রুয়ারী ২০১২ গ্লাসগো যুক্তরাজ্য,4,যৌন নির্যাতনের শিকার হন,13,গুল্ম তরু লতা বৈঁচি,13,অফিস থেকে ফেরার পথে,3
লেখাটি মাসিক উত্তর বার্তা,7,জন্তু খল খল করে,6,ব্লগার ওয়াশিকুর রহমান বাবু,5,প্রথম পর্ব দ্বিতীয় পর্ব,7,তরুণ লেখক জিয়া হায়দার,7,৮০০০ মিটার উচ্চতার পর্বত,5,সুবিধের মনে হচ্ছে না,3,কালের কণ্ঠ ১৭ এপ্রিল,4,en wikipedia org wiki,13,পোস্টগুলো বাংলার গুল্ম তরু,13,কত সুখ আহা কত,3
হাতে মার খাওয়ার ভয়ে,7,রেহানা চুপ করে থাকে,6,তথ্য যোগাযোগ প্রযুক্তি আইন,5,আমার ভাইয়ের রক্তে রাঙানো,7,কাঁটা এক ঘণ্টা এগিয়ে,7,শতাব্দীর পর শতাব্দী ধরে,5,না তো কী হয়েছে,3,com detailsnews php nssl,4,বুকশপ কিংবা বুকসেলিং মুসলমানদের,12,কচুরিপানা বাংলার গুল্ম তরু,13,পারে কোন তথ্য প্রকাশের,3
এদিক ওদিক দেখে নিয়ে,7,কি না কে জানে,6,মুক্ত মত প্রকাশের ক্ষেত্রে,5,অথর্ব রেশমির প্রেমের উপাখ্যান,7,সব বিশ্ববিদ্যালয় মিলে একটি,7,আপনার কি মনে হয়,4,করা ঠিক হবে না,3,com detail date 2012,4,http en wikipedia org,12,তরু লতা কচুরিপানা বাংলার,13,মুখ ফসকে বলে ফেলে,3
বন্ধুরা যারা এটি পড়েননি,7,১২ টা বেজে মিনিট,6,তথা কথিত হেফাজতে ইসলাম,5,ফেব্রুয়ারি আমি কি ভুলিতে,7,যখন ছোট ছিলাম তখন,6,তাতে কোন সন্দেহ নেই,4,বছর অর্জন বিসর্জন এবং,3,কণ্ঠ ১৭ এপ্রিল ২০১২,4,বুকসেলিং মুসলমানদের ১০০১টি আবিস্কার,12,পর্যন্ত লম্বা হতে পারে,12,পারে যে কোন সময়,3
মাথা নেড়ে সায় দিলাম,6,এয়ার ভাইস মার্শাল শরীফউদ্দীন,6,চৌচল্লিশ বছর পর এসে,5,শে ডিসেম্বর ২০০৫ সকাল,7,বিখ্যাত তরুণ লেখক জিয়া,6,এবং পা পায়ের পাতা,4,এর চেয়ে এক কাজ,3,http cricket bdnews24 com,4,বীজগনিত আলজেবরা মুসলমানদের ১০০১টি,12,তরু লতা বৈঁচি বাংলার,12,মেনে নেয়া যায় না,3
ঘটনার এক সপ্তাহ পর,6,লিঙ্ক Click This Link,6,আন্তর্জাতিক জঙ্গি গোষ্ঠী ইসলামিক,5,রক্তে রাঙানো একুশে ফেব্রুয়ারি,7,অস্বীকার করতে পারবে না,6,আই লাভ ইউ ম্যান,4,সিগারেটের দাম বাড়ে এক,3,এপ্রিল ২০১০ ডাবলিন আয়ারল্যান্ড,4,মুসলমানদের ১০০১টি আবিস্কার টিকা,12,তরু লতা আশশেওড়া বাংলার,11,আহা কত সুখ আহা,3
বুঝে উঠতে পারতাম না,6,অন্ধকায় জন্তু খল খল,6,অধ্যাপক আবুল কাশেম ফজলুল,5,ব্লগার তাসনুভা সাখাওয়াত বিথি,7,যখন ছোট ছিলাম তখন,6,চলুন পাঠক ঘুরে আসি,4,চেনা আছে আমার খুব,3,com bangla details php,4,কিংবা বুকসেলিং মুসলমানদের ১০০১টি,12,লতা শিয়ালকাঁটা বাংলার গুল্ম,11,কিন্তু কে শোনে কার,3
না পায় সে জন্য,6,সুন্দর মায়াবী দেশে এখন,6,আমাদের মাননীয় প্রধান মন্ত্রী,5,ডিসেম্বর প্রথম পর্ব দ্বিতীয়,7,আমি জানি এই দেশের,6,বাংলাদেশে অপ্রতুল তথ্য শ্রেণীতে,4,পিয়াল যুদ্ধাপরাধীদের বিচার চায়,3,bdnews24 com bangla details,4,আলজেবরা মুসলমানদের ১০০১টি আবিস্কার,12,লতা আশশেওড়া বাংলার গুল্ম,11,Ahmed Dec 16 2011,3
প্রকাশ করলাম রি পোস্ট,6,হেসে উঠবে আর আমরা,6,সরকার আইন শৃংখলা রক্ষা,5,সংগ্রাম আমাদের মুক্তির সংগ্রাম,6,একটা সময় ছিল যখন,6,বাংলাদেশে পাওয়া যায় স্বভাব,4,আবার বড় বড় কথা,3,একটা বিষয় পরিষ্কার করে,3,মুসলমানদের ১০০১টি আবিস্কার উইন্ডমিল,12,গুল্ম তরু লতা শেওড়া,11,দরোজা বন্ধ করে দিল,3
নেড়ে সায় দিলাম স্বপ্নাদি,6,শারমিন চুপ করে থাকে,6,যোগাযোগ প্রযুক্তি আইনের ৫৭,4,পর্ব দ্বিতীয় পর্ব তৃতীয়,6,এক জায়গা থেকে অন্য,6,ব্যবহৃত আলোকচিত্র ২টি ইনাম,4,শূচিস্মিতা শূচিস্মিতা শূচিস্মিতা শূচিস্মিতা,3,বৃটেন এবং আয়ারল্যান্ড উচ্চ,3,আবিস্কার বীজগনিত আলজেবরা মুসলমানদের,12,শিয়ালকাঁটা বাংলার গুল্ম তরু,11,পকেট থেকে সিগারেট বের,3
দুই সপ্তাহ ছুটি নিয়ে,6,ভাইস মার্শাল শরীফউদ্দীন আহমেদ,6,উপায় কি দেবি শেঠি,4,বঙ্গবন্ধু শেখ মুজিবুর রহমান,6,কোনো একটা অজ্ঞাত কারণে,6,জাতিকে জবরদস্তি করে বেঁধে,4,তার সাথে কথা বলতে,3,shoot to kill policy,3,১০০১টি আবিস্কার উইন্ডমিল মুসলমানদের,11,গুল্ম তরু লতা শিয়ালকাঁটা,11,সুখ আহা কত সুখ,3
ফাতেমার মা দুই সপ্তাহ,6,করে হেসে উঠবে আর,6,কাছে মাথা নত করতে,4,একুশে ফেব্রুয়ারি আমি কি,6,বছর আগে আমি যখন,6,নিল আর্মস্ট্রং এর একমাত্র,4,আমার খুব ভালো করে,3,pakistan bangladesh 2012 content,3,উইন্ডমিল মুসলমানদের ১০০১টি আবিস্কার,11,বৈঁচি বাংলার গুল্ম তরু,11,কাউকে কিছু না বলে,3
গল্পটি মাসিক উত্তর বার্তা,6,এক অন্ধকায় জন্তু খল,6,প্রার্থীরা বিনা প্রতিদ্বন্দিতায় নির্বাচিত,4,রোজার শেষে এলো খুশির,6,পি এইচ ডি করতে,6,অপ্রতুল তথ্য শ্রেণীতে রয়েছে,4,কিন্তু কে শোনে কার,3,শুধুই একজন রুমানা মঞ্জুর,3,আবিস্কার উইন্ডমিল মুসলমানদের ১০০১টি,11,গুল্ম তরু লতা শিমুল,11,প্রেম আমার উপরে পড়েছে,3
মা দুই সপ্তাহ ছুটি,6,খসিয়া খসিয়া পড়িতে থাকে,6,আমাদের মহান মুক্তিযুদ্ধের মূল,4,চট্টগ্রামের কালুরঘাট বেতার কেন্দ্র,6,জায়গা থেকে অন্য জায়গায়,6,আর কি হতে পারে,4,ভালোবাসি তুমি কি আমার,3,করা সম্ভব হয় নি,3,মুসলমানদের ১০০১টি আবিস্কার কফি,9,তরু লতা শিয়ালকাঁটা বাংলার,11,আমি তো প্রেমে পড়িনি,3
এই লেখাটি মাসিক উত্তর,6,এখন এক অন্ধকায় জন্তু,6,রাখতে হবে এরপর দ্রুত,4,ভাইয়ের রক্তে রাঙানো একুশে,6,না এডমিন নোট লেখাটি,6,আর কী হতে পারে,4,সাথে কথা বলতে গিয়ে,3,অগাস্ট ২০০৯ ডাবলিন আয়ারল্যান্ড,3,কোন উত্তর না দিয়ে,9,গুল্ম তরু লতা আশশেওড়া,11,পড়িনি প্রেম আমার উপরে,3
বিরুদ্ধে বিভাগীয় শাস্তিমূলক ব্যবস্থা,6,১২ টা বেজে মিনিটে,6,রাষ্ট্রযন্ত্রের জেল জুলুম এবং,4,দ্বিতীয় পর্ব তৃতীয় পর্ব,6,শহীদ জননী জাহানারা ইমাম,6,আলোকচিত্র ২টি ইনাম আল,4,এবং কিছু অনর্থক ব্লগরব্লগর,3,মার্চ ২০১০ ডাবলিন আয়ারল্যান্ড,3,এক গ্লাস পানি চাইল,9,লতা বৈঁচি বাংলার গুল্ম,11,কোথাও কোন শব্দ নেই,3
প্রায় নেই বললেই চলে,6,চ্যানেল ফর্টি নাইন এর,5,ভিসা সেন্টারে জমাদানের স্বক্ষাত,4,রাঙানো একুশে ফেব্রুয়ারি আমি,6,গাইড বই থেকে প্রশ্ন,6,পাওয়া যায় স্বভাব বাংলা,4,আছে আমার খুব ভালো,3,ডাবলিন আয়ারল্যান্ড ডাবলিনের ডায়েরী,3,১০০১টি আবিস্কার টিকা রোবোটিক্স,9,আশশেওড়া বাংলার গুল্ম তরু,11,আছে কিনা জানা নেই,3
আমি বললাম না না,6,সহ্য করতে পারে না,5,প্রশ্ন হার্ট অ্যাটাক হলে,4,শেষে এলো খুশির ঈদ,6,এক ধরনের বিস্ময় নিয়ে,6,রে রে রে রে,4,সাদার চাল কালো অবহেলা,3,15 April 2012 ১০,3,রাত বারোটার মেইল ট্রেইন,9,তরু লতা শেওড়া বাংলার,11,দেখাশোনা করার কেউ নেই,3
ব্লগে প্রকাশ করলাম রি,6,চৌধুরি থিরিথুধম্মা আর অমঙ্গলী,5,একের পর এক ব্লগার,4,ব্লগ লিখেছেনঃ মাস দিন,6,আমি আর আমার স্ত্রী,6,চেয়ে অনেক অনেক গুণ,4,আমার দিকে তাকিয়ে আছে,3,সাদা ছড়ি হাতে দাঁড়ানো,3,নিচু করে বসে রইল,8,পাতার রং গাঢ় সবুজ,10,সবাই হৈ হৈ করে,3
বন্ধ করে বসে আছে,6,গল্প মরম জ্বীনের কান্ড,5,আওয়ামীলিগের প্রার্থীরা বিনা প্রতিদ্বন্দিতায়,4,মন রমজানের রোজার শেষে,6,লেখক জিয়া হায়দার রহমান,5,বিশ্বে বাংলাদেশে বিপদমুক্ত বলে,4,বয়স বাড়ার সাথে সাথে,3,এটার জন্যে আবেদন করতে,3,সব ঠিক হয়ে যাবে,8,শেওড়া বাংলার গুল্ম তরু,10,তো প্রেমে পড়িনি প্রেম,3
ঠিক বুঝে উঠতে পারতাম,6,প্রথম পর্বের লিঙ্ক Click,5,ভিক্ষার জন্য আমাদের দরজার,4,১৯৭৫ সালের ১৫ আগস্ট,6,আমার খুব জানার ইচ্ছে,5,২টি ইনাম আল হকের,4,ঔষধ কালো অচ্ছ্যুতভাব কালো,3,একজন রুমানা মঞ্জুর শুধুই,3,১০০১টি আবিস্কার কফি মুসলমানদের,8,লতা ১০ ভেরেণ্ডা কচা,10,রাস্তার পাশের দোকান থেকে,3
মন খারাপ হয়ে গেল,6,কালো পাগড়ী পরা লোকটা,5,খঞ্জর রাষ্ট্রযন্ত্রের জেল জুলুম,4,রমজানের রোজার শেষে এলো,6,অন্যের জন্য কিছু একটা,5,bengalensis বাংলার ব্যবহৃত আলোকচিত্র,4,দাম বাড়ে এক টাকা,3,আমার খুব ভয় হয়,3,আবিস্কার কফি মুসলমানদের ১০০১টি,8,ফুট পর্যন্ত লম্বা হতে,10,ছাড়া আর কেউ নেই,3
বছর আগের কথা আমার,5,ছোট ছোট করে ছাঁটা,5,রোগে আক্রান্ত হবার সম্ভাবনা,4,বঙ্গবন্ধু শেখ মুজিবুর রহমানের,6,মাঝে মাঝেই মনে হয়,5,আর্মস্ট্রং এর একমাত্র স্বীকৃত,4,দেখেও না দেখার ভান,3,বাংলাদেশের পাকিস্থান সফর নিয়ে,3,কফি মুসলমানদের ১০০১টি আবিস্কার,8,তরু লতা ১০ ভেরেণ্ডা,10,সমুদ্র শান্ত না হওয়া,3
সে মাথা নিচু করে,5,ইন্সপেক্টর সোহরাব আলী বললেন,5,লক্ষ মা বোনের ইজ্জতের,4,সংগ্রাম এবারের সংগ্রাম স্বাধীনতার,6,আমাদের দেশের বড় বড়,5,থেকে রক্ষা পাবার জন্য,4,সাত বছর অর্জন বিসর্জন,3,Cricinfo 15 April 2012,3,Soap Industry মুসলমানদের ১০০১টি,7,গুল্ম তরু লতা ১০,10,করে সে মোটামুটি ভালো,2
কী না কে জানে,5,বাবা অধ্যাপক কাজী রফিকুল,5,গোষ্ঠী ইসলামিক স্টেটের আইএস,4,মুক্তির সংগ্রাম এবারের সংগ্রাম,6,হতে পারে বলে আমার,5,কোন জাতিকে জবরদস্তি করে,4,অবগতির জন্যে জানানো যাচ্ছে,3,com pakistan bangladesh 2012,3,দিয়ে মাথা নিচু করে,7,লতা শেওড়া বাংলার গুল্ম,10,তার সাতাশি বছর বয়সী,2
সত্য ঘটনা অবলম্বনে এই,5,মাইসাং চৌধুরি থিরিথুধম্মা আর,5,জন্য আমাদের দরজার কড়া,4,এবারের সংগ্রাম স্বাধীনতার সংগ্রাম,6,বিশ্বাস করতে পারি না,5,তার জীবনের সেরা প্রেম,3,চাল কালো অবহেলা সাদা,3,২০১৫ মিল্টন কিন্স ইংল্যান্ড,3,না দিয়ে মাথা নিচু,7,তরু লতা শিমুল বাংলার,9,কিন্তু কদিন খাওয়াবে বাইরের,2
গদ গদ হয়ে বললেন,5,দ্য কাল্ট অভ আহরিমান,5,সুযোগ কে কাজে লাগিয়ে,4,এবারের সংগ্রাম আমাদের মুক্তির,6,হতে পারে না আমি,5,এক নাম না জানা,3,অর্জন বিসর্জন এবং কিছু,3,চোখ গোল গোল করে,3,যদি প্রশ্ন করা হয়,7,কচা বাংলার গুল্ম তরু,9,এফোড় ওফোড় হয়ে যাবে,2
